{"inputUnits":[34],"outputUnits":7,"inputs":{"0":{"dtype":"number","min":320.83340996190117,"max":746.0645073338559},"1":{"dtype":"number","min":64.07647183066919,"max":377.00593245656864},"2":{"dtype":"number","min":317.2382334658974,"max":762.0623478136564},"3":{"dtype":"number","min":52.8084887956318,"max":407.9819538718775},"4":{"dtype":"number","min":313.39073783472963,"max":756.336585596988},"5":{"dtype":"number","min":53.018682881405454,"max":409.0981804697137},"6":{"dtype":"number","min":321.7427083065635,"max":771.0243395755165},"7":{"dtype":"number","min":68.20542787250719,"max":422.63594376413437},"8":{"dtype":"number","min":300.68708771153496,"max":743.8807321849622},"9":{"dtype":"number","min":67.66141791092721,"max":429.44880083987584},"10":{"dtype":"number","min":414.6562556216591,"max":769.3889803635446},"11":{"dtype":"number","min":140.0101059361508,"max":397.60238195720467},"12":{"dtype":"number","min":319.6974091780813,"max":686.67303587261},"13":{"dtype":"number","min":142.26667705335115,"max":438.0089538975766},"14":{"dtype":"number","min":318.72916773745885,"max":814.480797617059},"15":{"dtype":"number","min":178.82289284153984,"max":515.5771355879934},"16":{"dtype":"number","min":263.69769648501745,"max":748.4102911698191},"17":{"dtype":"number","min":151.45326313219573,"max":525.3084000788236},"18":{"dtype":"number","min":298.7650153511449,"max":810.3985515393708},"19":{"dtype":"number","min":75.49324738351922,"max":634.0953721498188},"20":{"dtype":"number","min":325.13622685482625,"max":751.5506583765933},"21":{"dtype":"number","min":51.25542741072803,"max":629.9465621145148},"22":{"dtype":"number","min":450.2675427888569,"max":733.5170263993112},"23":{"dtype":"number","min":294.3745811362015,"max":489.7122202421489},"24":{"dtype":"number","min":324.6534608539782,"max":649.8485685649671},"25":{"dtype":"number","min":291.7092609719226,"max":539.161521510074},"26":{"dtype":"number","min":400.9068441390991,"max":778.7807745682566},"27":{"dtype":"number","min":437.2080150403474,"max":588.9847961225007},"28":{"dtype":"number","min":265.2192687988281,"max":693.9512192575555},"29":{"dtype":"number","min":434.35950178849066,"max":687.0379377666272},"30":{"dtype":"number","min":456.5501464040656,"max":846.4032624897203},"31":{"dtype":"number","min":531.5017828188444,"max":726.144255838896},"32":{"dtype":"number","min":248.3332142076994,"max":683.6020429510819},"33":{"dtype":"number","min":544.178960699784,"max":765.9159469604492}},"outputs":{"0":{"dtype":"string","min":0,"max":1,"uniqueValues":["1","2","3","4","5","6","7"],"legend":{"1":[1,0,0,0,0,0,0],"2":[0,1,0,0,0,0,0],"3":[0,0,1,0,0,0,0],"4":[0,0,0,1,0,0,0],"5":[0,0,0,0,1,0,0],"6":[0,0,0,0,0,1,0],"7":[0,0,0,0,0,0,1]}}},"isNormalized":true}